Workbook

Sheet Inicio
A1: EDA — Mercado de Tarjetas de Producto (versión Excel)
A2: Acompaña a la guía de la actividad: mismo dataset de ejemplo, resuelto con fórmulas de Excel.
A4: Mapa del libro
A5: Datos | B5: Registro crudo de ventas, tal como se recolecta en la actividad (con errores intencionales).
A6: Limpieza | B6: Corrige formato de precios, detecta duplicados y valores faltantes.
A7: Univariado | B7: Estadísticas descriptivas y conteo por categoría (Paso 3).
A8: Bivariado | B8: Precio promedio por categoría e ingresos por vendedor (Paso 4).
A9: Correlacion | B9: Correlación calificación vs precio de venta (Paso 5).
A10: Conclusiones | B10: Espacio para registrar hallazgos e hipótesis (Paso 6).
A12: Leyenda de colores
A13: Texto azul | B13: Dato de entrada — puedes reemplazarlo por los datos reales de tu grupo.
A14: Texto negro | B14: Resultado calculado con fórmula — no editar directamente.
A15: Celda amarilla | B15: Espacio para que el estudiante complete.

Sheet Datos
A1: id_venta | B1: vendedor | C1: comprador | D1: producto | E1: categoria | F1: precio_lista | G1: precio_venta | H1: cantidad | I1: calificacion | J1: ronda
A2: 1 | B2: Grupo A | C2: Grupo C | D2: Termo Acero 500ml | E2: Hogar | F2: 25000 | G2: 22000 | H2: 2 | I2: 4 | J2: 1
A3: 2 | B3: Grupo B | C3: Grupo A | D3: Audífonos BT Mini | E3: Tecnología | F3: 60000 | G3: 65000 | H3: 1 | I3: 5 | J3: 1
A4: 3 | B4: Grupo C | C4: Grupo B | D4: Cuaderno Ecológico | E4: Papelería | F4: 8000 | G4: 8000 | H4: 3 | I4: 3 | J4: 1
A5: 4 | B5: Grupo A | C5: Grupo B | D5: Termo Acero 500ml | E5: Hogar | F5: 25.000 | G5: 20000 | H5: 1 | I5: 4 | J5: 2
A6: 5 | B6: Grupo B | C6: Grupo C | D6: Powerbank 10000mAh | E6: Tecnología | F6: 45000 | H6: 1 | I6: 4 | J6: 2
A7: 6 | B7: Grupo C | C7: Grupo B | D7: Cuaderno Ecológico | E7: Papelería | F7: 8000 | G7: 8000 | H7: 3 | I7: 3 | J7: 1
A9: Nota: F5 tiene formato de miles inconsistente · G6 falta el precio de venta · fila 7 es una venta duplicada de la fila 4.

Sheet Limpieza
A1: id_venta | B1: vendedor | C1: comprador | D1: producto | E1: categoria | F1: precio_lista_limpio | G1: precio_venta_limpio | H1: cantidad | I1: calificacion | J1: ronda | K1: clave | L1: duplicado | M1: valor_faltante | N1: incluir_analisis | O1: precio_venta_final | P1: cantidad_final | Q1: calificacion_final
A2: =Datos!A2 -> 1 | B2: =Datos!B2 -> Grupo A | C2: =Datos!C2 -> Grupo C | D2: =Datos!D2 -> Termo Acero 500ml | E2: =Datos!E2 -> Hogar | F2: =IFERROR(VALUE(SUBSTITUTE(Datos!F2,".","")),"") -> 25000 | G2: =IFERROR(VALUE(SUBSTITUTE(SUBSTITUTE(Datos!G2,".",""),",",".")),"") -> 22000 | H2: =Datos!H2 -> 2 | I2: =Datos!I2 -> 4 | J2: =Datos!J2 -> 1 | K2: =B2&"|"&D2&"|"&J2 -> Grupo A|Termo Acero 500ml|1 | L2: =COUNTIFS($K$2:K2,K2)>1 -> FALSE | M2: =(G2="") -> FALSE | N2: =NOT(OR(L2,M2)) -> TRUE | O2: =IF(N2,G2,"") -> 22000 | P2: =IF(N2,H2,"") -> 2 | Q2: =IF(N2,I2,"") -> 4
A3: =Datos!A3 -> 2 | B3: =Datos!B3 -> Grupo B | C3: =Datos!C3 -> Grupo A | D3: =Datos!D3 -> Audífonos BT Mini | E3: =Datos!E3 -> Tecnología | F3: =IFERROR(VALUE(SUBSTITUTE(Datos!F3,".","")),"") -> 60000 | G3: =IFERROR(VALUE(SUBSTITUTE(SUBSTITUTE(Datos!G3,".",""),",",".")),"") -> 65000 | H3: =Datos!H3 -> 1 | I3: =Datos!I3 -> 5 | J3: =Datos!J3 -> 1 | K3: =B3&"|"&D3&"|"&J3 -> Grupo B|Audífonos BT Mini|1 | L3: =COUNTIFS($K$2:K3,K3)>1 -> FALSE | M3: =(G3="") -> FALSE | N3: =NOT(OR(L3,M3)) -> TRUE | O3: =IF(N3,G3,"") -> 65000 | P3: =IF(N3,H3,"") -> 1 | Q3: =IF(N3,I3,"") -> 5
A4: =Datos!A4 -> 3 | B4: =Datos!B4 -> Grupo C | C4: =Datos!C4 -> Grupo B | D4: =Datos!D4 -> Cuaderno Ecológico | E4: =Datos!E4 -> Papelería | F4: =IFERROR(VALUE(SUBSTITUTE(Datos!F4,".","")),"") -> 8000 | G4: =IFERROR(VALUE(SUBSTITUTE(SUBSTITUTE(Datos!G4,".",""),",",".")),"") -> 8000 | H4: =Datos!H4 -> 3 | I4: =Datos!I4 -> 3 | J4: =Datos!J4 -> 1 | K4: =B4&"|"&D4&"|"&J4 -> Grupo C|Cuaderno Ecológico|1 | L4: =COUNTIFS($K$2:K4,K4)>1 -> FALSE | M4: =(G4="") -> FALSE | N4: =NOT(OR(L4,M4)) -> TRUE | O4: =IF(N4,G4,"") -> 8000 | P4: =IF(N4,H4,"") -> 3 | Q4: =IF(N4,I4,"") -> 3
A5: =Datos!A5 -> 4 | B5: =Datos!B5 -> Grupo A | C5: =Datos!C5 -> Grupo B | D5: =Datos!D5 -> Termo Acero 500ml | E5: =Datos!E5 -> Hogar | F5: =IFERROR(VALUE(SUBSTITUTE(Datos!F5,".","")),"") -> 25000 | G5: =IFERROR(VALUE(SUBSTITUTE(SUBSTITUTE(Datos!G5,".",""),",",".")),"") -> 20000 | H5: =Datos!H5 -> 1 | I5: =Datos!I5 -> 4 | J5: =Datos!J5 -> 2 | K5: =B5&"|"&D5&"|"&J5 -> Grupo A|Termo Acero 500ml|2 | L5: =COUNTIFS($K$2:K5,K5)>1 -> FALSE | M5: =(G5="") -> FALSE | N5: =NOT(OR(L5,M5)) -> TRUE | O5: =IF(N5,G5,"") -> 20000 | P5: =IF(N5,H5,"") -> 1 | Q5: =IF(N5,I5,"") -> 4
A6: =Datos!A6 -> 5 | B6: =Datos!B6 -> Grupo B | C6: =Datos!C6 -> Grupo C | D6: =Datos!D6 -> Powerbank 10000mAh | E6: =Datos!E6 -> Tecnología | F6: =IFERROR(VALUE(SUBSTITUTE(Datos!F6,".","")),"") -> 45000 | G6: =IFERROR(VALUE(SUBSTITUTE(SUBSTITUTE(Datos!G6,".",""),",",".")),"") | H6: =Datos!H6 -> 1 | I6: =Datos!I6 -> 4 | J6: =Datos!J6 -> 2 | K6: =B6&"|"&D6&"|"&J6 -> Grupo B|Powerbank 10000mAh|2 | L6: =COUNTIFS($K$2:K6,K6)>1 -> FALSE | M6: =(G6="") -> TRUE | N6: =NOT(OR(L6,M6)) -> FALSE | O6: =IF(N6,G6,"") | P6: =IF(N6,H6,"") | Q6: =IF(N6,I6,"")
A7: =Datos!A7 -> 6 | B7: =Datos!B7 -> Grupo C | C7: =Datos!C7 -> Grupo B | D7: =Datos!D7 -> Cuaderno Ecológico | E7: =Datos!E7 -> Papelería | F7: =IFERROR(VALUE(SUBSTITUTE(Datos!F7,".","")),"") -> 8000 | G7: =IFERROR(VALUE(SUBSTITUTE(SUBSTITUTE(Datos!G7,".",""),",",".")),"") -> 8000 | H7: =Datos!H7 -> 3 | I7: =Datos!I7 -> 3 | J7: =Datos!J7 -> 1 | K7: =B7&"|"&D7&"|"&J7 -> Grupo C|Cuaderno Ecológico|1 | L7: =COUNTIFS($K$2:K7,K7)>1 -> TRUE | M7: =(G7="") -> FALSE | N7: =NOT(OR(L7,M7)) -> FALSE | O7: =IF(N7,G7,"") | P7: =IF(N7,H7,"") | Q7: =IF(N7,I7,"")
A9: duplicado / valor_faltante = TRUE se excluyen automáticamente de precio_venta_final, cantidad_final y calificacion_final.

Sheet Univariado
A1: Estadísticas de precio_venta (sin duplicados ni faltantes)
A2: Conteo | B2: =COUNT(Limpieza!$O$2:$O$7) -> 4
A3: Promedio | B3: =AVERAGE(Limpieza!$O$2:$O$7) -> 28750
A4: Mínimo | B4: =MIN(Limpieza!$O$2:$O$7) -> 8000
A5: Máximo | B5: =MAX(Limpieza!$O$2:$O$7) -> 65000
A6: Desviación estándar | B6: =STDEV(Limpieza!$O$2:$O$7) -> 24944.939
A7: Q1 | B7: =QUARTILE(Limpieza!$O$2:$O$7,1) -> 17000
A8: Mediana | B8: =MEDIAN(Limpieza!$O$2:$O$7) -> 21000
A9: Q3 | B9: =QUARTILE(Limpieza!$O$2:$O$7,3) -> 32750
A10: Límite inferior outlier (Q1-1.5·RIC) | B10: =B7-1.5*(B9-B7) -> -6625
A11: Límite superior outlier (Q3+1.5·RIC) | B11: =B9+1.5*(B9-B7) -> 56375
A13: Categoría | B13: Ventas (sin duplicados)
A14: Hogar | B14: =COUNTIFS(Limpieza!$E$2:$E$7,A14,Limpieza!$L$2:$L$7,FALSE()) -> 2
A15: Tecnología | B15: =COUNTIFS(Limpieza!$E$2:$E$7,A15,Limpieza!$L$2:$L$7,FALSE()) -> 2
A16: Papelería | B16: =COUNTIFS(Limpieza!$E$2:$E$7,A16,Limpieza!$L$2:$L$7,FALSE()) -> 1
A18: Nota: si tu dataset real tiene otras categorías, agrega filas aquí y ajusta el rango de la tabla/gráfico.

Sheet Bivariado
A1: Precio promedio por categoría
A2: Categoría | B2: Precio promedio
A3: Hogar | B3: =AVERAGEIF(Limpieza!$E$2:$E$7,A3,Limpieza!$O$2:$O$7) -> 21000
A4: Tecnología | B4: =AVERAGEIF(Limpieza!$E$2:$E$7,A4,Limpieza!$O$2:$O$7) -> 65000
A5: Papelería | B5: =AVERAGEIF(Limpieza!$E$2:$E$7,A5,Limpieza!$O$2:$O$7) -> 8000
A8: Ingresos por vendedor
A9: Vendedor | B9: Ingreso total
A10: Grupo A | B10: =SUMIF(Limpieza!$B$2:$B$7,A10,Limpieza!$O$2:$O$7) -> 42000
A11: Grupo B | B11: =SUMIF(Limpieza!$B$2:$B$7,A11,Limpieza!$O$2:$O$7) -> 65000
A12: Grupo C | B12: =SUMIF(Limpieza!$B$2:$B$7,A12,Limpieza!$O$2:$O$7) -> 8000
A14: Dispersión cantidad vs precio_venta
A15: Fuente: Limpieza!P2:P7 (cantidad_final) y Limpieza!O2:O7 (precio_venta_final).

Sheet Correlacion
A1: Correlación calificación vs precio de venta
A3: Coeficiente de correlación | B3: =CORREL(Limpieza!$Q$2:$Q$7,Limpieza!$O$2:$O$7) -> 0.93286066
A4: Interpretación | B4: =IF(ABS(B3)>=0.7,"Correlación fuerte",IF(ABS(B3)>=0.3,"Correlación moderada","Correlación débil"))&IF(B3>=0," positiva."," negativa.") -> Correlación fuerte positiva.
A6: Recuerda: correlación no implica causalidad.

Sheet Conclusiones
A1: Conclusiones
A2: Completa las celdas amarillas con tus propios hallazgos, apoyado en las hojas anteriores.
A4: Ejemplo (ya resuelto) | B4: La categoría Tecnología tiene el precio promedio más alto del mercado.
A6: Hallazgo 1 | B6: se detecto que en la base de datos cruda tiene inconsistencias (datos faltantes, errores de formato y registros duplicados)
A8: Hallazgo 2 | B8: Se nota una correlación positiva de (0.93) entre el precio de venta y la calificación del producto es decir en estos datos los productos más costosos tienden a recibir las valoraciones más altas por parte de los compradores.
A10: Hipótesis a validar | B10: el grupo de vendedores con mayores ingresos totales tiene ese resultado por vender productos con mayor precio y no por vender precisamente más cantidades
